Workbook
Name Ano_Anterior: 'Tab Dinamicas'!$G$39:$K$50
Name Anos: Listas!$C$2:$C$5
Name Foto_Dinamica: INDEX(Fotos,MATCH('Tab Dinamicas'!$B$19,Gerentes,0))
Name Fotos: Listas!$F$2:$F$4
Name Gerentes: Listas!$E$2:$E$4
Name Mês_Anterior: 'Tab Dinamicas'!$B$39:$D$50
Name Meses: Listas!$A$2:$A$13
Name SegmentaçãodeDados_Anos: #N/A
Name SegmentaçãodeDados_Meses: #N/A
Name SegmentaçãodeDados_Vendedor2: #N/A

Sheet Tab Dinamicas
A3: Anos | B3: 2016
A4: Meses | B4: set
A6: Gerentes | B6: Soma de Total | C6: =LEFT(B19,1) -> S | D6: Gerentes | E6: Contagem de Total | G6: Gerente | H6: % R$ | I6: % Cont | J6: Maior R$ | K6: Maior Cont | L6: Média R$ | M6: Média Cont. | N6: Mês Anterior | O6: Ano Anterior
A7: Silvane | B7: 3853 | C7: =_xlfn.RANK.EQ(GETPIVOTDATA("Total",$A$6),B14:B16)&"º" -> 3º | D7: Silvane | E7: 9 | G7: =B19 -> Silvane | H7: =GETPIVOTDATA("Total",$A$6)/GETPIVOTDATA("Total",$A$13) -> 0.27287535 | I7: =GETPIVOTDATA("Total",$D$6)/GETPIVOTDATA("Total",$D$13) -> 0.3 | J7: =MAX(B14:B16) -> 5549 | K7: =MAX(E14:E16) -> 11 | L7: =AVERAGE(B22:B33) -> 5542.0833 | M7: =AVERAGE(E22:E33) -> 11.75 | N7: =INDEX(Mês_Anterior, MATCH(B4,Meses,0), MATCH(VALUE(B3),Anos,0)) -> -0.35643895 | O7: =INDEX(Ano_Anterior, MATCH(B4,Meses,0), MATCH(VALUE(B3),Anos,0)) -> 3853
A8: Total Geral | B8: 3853 | C8: =INDEX(Fotos,MATCH('Tab Dinamicas'!$B$19,Gerentes,0)) -> 0 | D8: Total Geral | E8: 9 | H8: =1-H7 -> 0.72712465 | I8: =1-I7 -> 0.7 | J8: =J7 -> 5549 | K8: =+K7 -> 11 | L8: =J7 -> 5549 | M8: =+K7 -> 11
J9: =GETPIVOTDATA("Total",$A$6) -> 3853 | K9: =GETPIVOTDATA("Total",$D$6) -> 9 | L9: =MIN(L7,L8) -> 5542.0833 | M9: =MIN(M7,M8) -> 11
J10: =J7-J9 -> 1696 | K10: =+K8-K9 -> 2 | L10: =+L9*0.8% -> 44.336667 | M10: =+M9*0.8% -> 0.088
L11: =+L8-L9-L10 -> -37.42 | M11: =+M8-M9-M10 -> -0.088
A13: Gerentes | B13: Vendas R$ | D13: Gerentes | E13: Contagem de Total | G13: Gerentes | H13: Soma de Total | J13: Gerentes | K13: Contagem de Total
A14: Wellington | B14: 5549 | D14: Wellington | E14: 11 | G14: Silvane | H14: 0.27287535 | J14: Silvane | K14: 0.3
A15: Barbara | B15: 4718 | D15: Barbara | E15: 10 | G15: Wellington | H15: 0.39298867 | J15: Wellington | K15: 0.36666667
A16: Silvane | B16: 3853 | D16: Silvane | E16: 9 | G16: Barbara | H16: 0.33413598 | J16: Barbara | K16: 0.33333333
A17: Total Geral | B17: 14120 | D17: Total Geral | E17: 30 | G17: Total Geral | H17: 1 | J17: Total Geral | K17: 1
A19: Gerentes | B19: Silvane
A21: Meses | B21: Vendas R$ | C21: Contagem | D21: Gerentes | E21: Contagem de Total | G21: Gerentes | H21: Soma de Total | J21: Gerentes | K21: Contagem de Total
A22: jan | B22: 5675 | C22: 11 | D22: jan | E22: 11 | G22: jan | H22: 0.08533193 | J22: jan | K22: 0.078014184
A23: fev | B23: 6209 | C23: 13 | D23: fev | E23: 13 | G23: fev | H23: 0.093361401 | J23: fev | K23: 0.092198582
A24: mar | B24: 6386 | C24: 14 | D24: mar | E24: 14 | G24: mar | H24: 0.096022855 | J24: mar | K24: 0.09929078
A25: abr | B25: 7987 | C25: 18 | D25: abr | E25: 18 | G25: abr | H25: 0.12009623 | J25: abr | K25: 0.12765957
A26: mai | B26: 6064 | C26: 11 | D26: mai | E26: 11 | G26: mai | H26: 0.091181114 | J26: mai | K26: 0.078014184
A27: jun | B27: 4232 | C27: 10 | D27: jun | E27: 10 | G27: jun | H27: 0.063634313 | J27: jun | K27: 0.070921986
A28: jul | B28: 2842 | C28: 7 | D28: jul | E28: 7 | G28: jul | H28: 0.042733629 | J28: jul | K28: 0.04964539
A29: ago | B29: 5987 | C29: 14 | D29: ago | E29: 14 | G29: ago | H29: 0.090023307 | J29: ago | K29: 0.09929078
A30: set | B30: 3853 | C30: 9 | D30: set | E30: 9 | G30: set | H30: 0.057935494 | J30: set | K30: 0.063829787
A31: out | B31: 5308 | C31: 10 | D31: out | E31: 10 | G31: out | H31: 0.079813548 | J31: out | K31: 0.070921986
A32: nov | B32: 4416 | C32: 9 | D32: nov | E32: 9 | G32: nov | H32: 0.066401022 | J32: nov | K32: 0.063829787
A33: dez | B33: 7546 | C33: 15 | D33: dez | E33: 15 | G33: dez | H33: 0.11346515 | J33: dez | K33: 0.10638298
D34: Total Geral | E34: 141 | G34: Total Geral | H34: 1 | J34: Total Geral | K34: 1
A37: MoM % | B37: Anos | F37: Meses | G37: Vendas R$ | H37: YoY %
A38: Meses | B38: 2016 | C38: 2017 | D38: 2018 | F38: 2016 | G38: 66505
A39: jan | F39: jan | G39: 5675
A40: fev | B40: 0.094096916 | C40: 0.23606999 | D40: 0.084389651 | F40: fev | G40: 6209
A41: mar | B41: 0.028507006 | C41: 0.13850174 | D41: -0.1378703 | F41: mar | G41: 6386
A42: abr | B42: 0.25070467 | C42: -0.33856159 | D42: 0.62202823 | F42: abr | G42: 7987
A43: mai | B43: -0.24076625 | C43: 0.68710237 | D43: -0.62120692 | F43: mai | G43: 6064
A44: jun | B44: -0.30211082 | C44: 0.069763456 | D44: 0.49153567 | F44: jun | G44: 4232
A45: jul | B45: -0.32844991 | C45: -0.7106233 | D45: -0.12363194 | F45: jul | G45: 2842
A46: ago | B46: 1.1066151 | C46: 1.4130676 | D46: 0.012719704 | F46: ago | G46: 5987
A47: set | B47: -0.35643895 | C47: 0.27810922 | D47: 0.20712491 | F47: set | G47: 3853
A48: out | B48: 0.37762782 | C48: -0.59820467 | F48: out | G48: 5308
A49: nov | B49: -0.16804823 | C49: 0.92582663 | F49: nov | G49: 4416
A50: dez | B50: 0.70878623 | C50: 0.20324826 | F50: dez | G50: 7546
F51: 2017 | G51: 52536 | H51: -0.21004436
F52: jan | G52: 3715 | H52: -0.34537445
F53: fev | G53: 4592 | H53: -0.26042841
F54: mar | G54: 5228 | H54: -0.18133417
A55: Meses | B55: Vendas R$ | C55: MoM % | F55: abr | G55: 3458 | H55: -0.56704645
A56: jan | B56: 5675 | F56: mai | G56: 5834 | H56: -0.03792876
A57: fev | B57: 6209 | C57: 0.094096916 | F57: jun | G57: 6241 | H57: 0.47471645
A58: mar | B58: 6386 | C58: 0.028507006 | F58: jul | G58: 1806 | H58: -0.36453202
A59: abr | B59: 7987 | C59: 0.25070467 | F59: ago | G59: 4358 | H59: -0.27208953
A60: mai | B60: 6064 | C60: -0.24076625 | F60: set | G60: 5570 | H60: 0.44562678
A61: jun | B61: 4232 | C61: -0.30211082 | F61: out | G61: 2238 | H61: -0.57837227
A62: jul | B62: 2842 | C62: -0.32844991 | F62: nov | G62: 4310 | H62: -0.024003623
A63: ago | B63: 5987 | C63: 1.1066151 | F63: dez | G63: 5186 | H63: -0.31274848
A64: set | B64: 3853 | C64: -0.35643895 | F64: 2018 | G64: 48352 | H64: -0.079640627
A65: out | B65: 5308 | C65: 0.37762782 | F65: jan | G65: 5759 | H65: 0.55020188
A66: nov | B66: 4416 | C66: -0.16804823 | F66: fev | G66: 6245 | H66: 0.35997387
A67: dez | B67: 7546 | C67: 0.70878623 | F67: mar | G67: 5384 | H67: 0.029839327
F68: abr | G68: 8733 | H68: 1.5254482
F69: mai | G69: 3308 | H69: -0.43297909
F70: jun | G70: 4934 | H70: -0.20942157
F71: jul | G71: 4324 | H71: 1.3942414
F72: ago | G72: 4379 | H72: 0.0048187242
F73: set | G73: 5286 | H73: -0.050987433

Sheet Base
A1: Turma | B1: Vendedor | C1: Treinamento | D1: Data Início | E1: Data Término | F1: Cliente | G1: Instrutor | H1: Feedback | I1: Alunos | J1: Valor | K1: Total
A2: 4355 | B2: Renato | C2: Outlook 2013 | D2: 42370.333 | E2: 42383.5 | F2: Pessoa Jurídica | G2: Douglas | H2: 4 | I2: 9 | J2: 41 | K2: =+Treinamentos[[#This Row],[Alunos]]*Treinamentos[[#This Row],[Valor]] -> 369
A3: 4356 | B3: Vanessa | C3: Access VBA 2013 | D3: 42370.333 | E3: 42383.5 | F3: Pessoa Jurídica | G3: Roberto | H3: 2 | I3: 11 | J3: 62 | K3: =+Treinamentos[[#This Row],[Alunos]]*Treinamentos[[#This Row],[Valor]] -> 682
A4: 4357 | B4: Rodrigo | C4: Excel Básico 2013 | D4: 42371.375 | E4: 42376.75 | F4: Pessoa Jurídica | G4: Caio | H4: 2 | I4: 11 | J4: 33 | K4: =+Treinamentos[[#This Row],[Alunos]]*Treinamentos[[#This Row],[Valor]] -> 363
A5: 4358 | B5: Roberto | C5: Word VBA 2013 | D5: 42373.792 | E5: 42384.958 | F5: Pessoa Física | G5: Sérgio | H5: 3 | I5: 12 | J5: 47 | K5: =+Treinamentos[[#This Row],[Alunos]]*Treinamentos[[#This Row],[Valor]] -> 564
A6: 4359 | B6: Rodrigo | C6: Outlook VBA 2013 | D6: 42373.792 | E6: 42384.958 | F6: Pessoa Jurídica | G6: Sandra | H6: 2 | I6: 11 | J6: 47 | K6: =+Treinamentos[[#This Row],[Alunos]]*Treinamentos[[#This Row],[Valor]] -> 517
A7: 4360 | B7: Adriana | C7: Excel VBA avançado 2013 | D7: 42374.792 | E7: 42387.958 | F7: Pessoa Jurídica | G7: Rosana | H7: 5 | I7: 11 | J7: 73 | K7: =+Treinamentos[[#This Row],[Alunos]]*Treinamentos[[#This Row],[Valor]] -> 803
A8: 4361 | B8: Katia | C8: Excel Avançado 2013 | D8: 42375.583 | E8: 42388.75 | F8: Pessoa Jurídica | G8: Caio | H8: 5 | I8: 10 | J8: 42 | K8: =+Treinamentos[[#This Row],[Alunos]]*Treinamentos[[#This Row],[Valor]] -> 420
A9: 4362 | B9: Priscila | C9: Excel VBA iniciante 2013 | D9: 42375.583 | E9: 42388.75 | F9: Pessoa Jurídica | G9: Humberto | H9: 4 | I9: 10 | J9: 61 | K9: =+Treinamentos[[#This Row],[Alunos]]*Treinamentos[[#This Row],[Valor]] -> 610
A10: 4363 | B10: Renato | C10: Outlook VBA 2013 | D10: 42375.583 | E10: 42388.75 | F10: Pessoa Jurídica | G10: Paulo | H10: 4 | I10: 9 | J10: 47 | K10: =+Treinamentos[[#This Row],[Alunos]]*Treinamentos[[#This Row],[Valor]] -> 423
A11: 4364 | B11: Vanessa | C11: Word VBA 2013 | D11: 42377.333 | E11: 42390.5 | F11: Pessoa Jurídica | G11: Sérgio | H11: 5 | I11: 9 | J11: 47 | K11: =+Treinamentos[[#This Row],[Alunos]]*Treinamentos[[#This Row],[Valor]] -> 423
A12: 4365 | B12: Rodrigo | C12: Excel Avançado 2013 | D12: 42378.375 | E12: 42383.75 | F12: Pessoa Física | G12: Fernando | H12: 5 | I12: 10 | J12: 42 | K12: =+Treinamentos[[#This Row],[Alunos]]*Treinamentos[[#This Row],[Valor]] -> 420
A13: 4366 | B13: Priscila | C13: PowerPoint 2013 | D13: 42378.375 | E13: 42383.75 | F13: Pessoa Física | G13: Roberto | H13: 3 | I13: 10 | J13: 47 | K13: =+Treinamentos[[#This Row],[Alunos]]*Treinamentos[[#This Row],[Valor]] -> 470
... A107: 4460 | B107: Roberto | C107: Excel Avançado 2013 | D107: 42454.333 | E107: 42467.5 | F107: Pessoa Física | G107: Fernando | H107: 2 | I107: 9 | J107: 42 | K107: =+Treinamentos[[#This Row],[Alunos]]*Treinamentos[[#This Row],[Valor]] -> 378
A108: 4461 | B108: Katia | C108: Excel VBA iniciante 2013 | D108: 42454.333 | E108: 42467.5 | F108: Pessoa Física | G108: Paulo | I108: 11 | J108: 61 | K108: =+Treinamentos[[#This Row],[Alunos]]*Treinamentos[[#This Row],[Valor]] -> 671
A109: 4462 | B109: Rodrigo | C109: Access 2013 | D109: 42454.333 | E109: 42467.5 | F109: Pessoa Física | G109: Fernando | H109: 2 | I109: 9 | J109: 52 | K109: =+Treinamentos[[#This Row],[Alunos]]*Treinamentos[[#This Row],[Valor]] -> 468
A110: 4463 | B110: Adriana | C110: Outlook 2013 | D110: 42454.333 | E110: 42467.5 | F110: Pessoa Física | G110: Sérgio | H110: 2 | I110: 9 | J110: 41 | K110: =+Treinamentos[[#This Row],[Alunos]]*Treinamentos[[#This Row],[Valor]] -> 369
A111: 4464 | B111: Renato | C111: Excel VBA avançado 2013 | D111: 42457.792 | E111: 42468.958 | F111: Pessoa Jurídica | G111: Sandra | H111: 3 | I111: 9 | J111: 73 | K111: =+Treinamentos[[#This Row],[Alunos]]*Treinamentos[[#This Row],[Valor]] -> 657
A112: 4465 | B112: Roberto | C112: Access 2013 | D112: 42458.792 | E112: 42471.958 | F112: Pessoa Física | G112: Humberto | H112: 5 | I112: 8 | J112: 52 | K112: =+Treinamentos[[#This Row],[Alunos]]*Treinamentos[[#This Row],[Valor]] -> 416
A113: 4466 | B113: Vanessa | C113: DashBoard 2013 | D113: 42459.583 | E113: 42472.75 | F113: Pessoa Jurídica | G113: Caio | H113: 5 | I113: 9 | J113: 31 | K113: =+Treinamentos[[#This Row],[Alunos]]*Treinamentos[[#This Row],[Valor]] -> 279
A114: 4467 | B114: Mirian | C114: Excel VBA iniciante 2013 | D114: 42459.583 | E114: 42472.75 | F114: Pessoa Física | G114: Rosana | H114: 4 | I114: 8 | J114: 61 | K114: =+Treinamentos[[#This Row],[Alunos]]*Treinamentos[[#This Row],[Valor]] -> 488
A115: 4468 | B115: Rodrigo | C115: Access 2013 | D115: 42459.583 | E115: 42472.75 | F115: Pessoa Jurídica | G115: Caio | H115: 2 | I115: 11 | J115: 52 | K115: =+Treinamentos[[#This Row],[Alunos]]*Treinamentos[[#This Row],[Valor]] -> 572
A116: 4469 | B116: Mirian | C116: Excel VBA iniciante 2013 | D116: 42460.375 | E116: 42466.75 | F116: Pessoa Jurídica | G116: Paulo | H116: 5 | I116: 12 | J116: 61 | K116: =+Treinamentos[[#This Row],[Alunos]]*Treinamentos[[#This Row],[Valor]] -> 732
A117: 4470 | B117: Murilo | C117: Excel VBA iniciante 2013 | D117: 42461.333 | E117: 42474.5 | F117: Pessoa Jurídica | G117: Caio | H117: 3 | I117: 8 | J117: 61 | K117: =+Treinamentos[[#This Row],[Alunos]]*Treinamentos[[#This Row],[Valor]] -> 488
A118: 4471 | B118: Roberto | C118: DashBoard 2013 | D118: 42461.333 | E118: 42474.5 | F118: Pessoa Física | G118: Sérgio | H118: 2 | I118: 12 | J118: 31 | K118: =+Treinamentos[[#This Row],[Alunos]]*Treinamentos[[#This Row],[Valor]] -> 372
A119: 4472 | B119: Renato | C119: Excel VBA avançado 2013 | D119: 42461.333 | E119: 42474.5 | F119: Pessoa Jurídica | G119: Caio | H119: 2 | I119: 12 | J119: 73 | K119: =+Treinamentos[[#This Row],[Alunos]]*Treinamentos[[#This Row],[Valor]] -> 876
A120: 4473 | B120: Mirian | C120: DashBoard 2013 | D120: 42462.375 | E120: 42467.75 | F120: Pessoa Jurídica | G120: Fernando | H120: 3 | I120: 9 | J120: 31 | K120: =+Treinamentos[[#This Row],[Alunos]]*Treinamentos[[#This Row],[Valor]] -> 279
... A223: 4576 | B223: Rodrigo | C223: Excel Avançado 2016 | D223: 42539.375 | E223: 42544.75 | F223: Pessoa Física | G223: Sandra | H223: 4 | I223: 9 | J223: 43 | K223: =+Treinamentos[[#This Row],[Alunos]]*Treinamentos[[#This Row],[Valor]] -> 387
A224: 4577 | B224: Roberto | C224: DashBoard 2016 | D224: 42541.792 | E224: 42552.958 | F224: Pessoa Jurídica | G224: Caio | I224: 11 | J224: 32 | K224: =+Treinamentos[[#This Row],[Alunos]]*Treinamentos[[#This Row],[Valor]] -> 352
A225: 4578 | B225: Katia | C225: Excel Básico 2016 | D225: 42541.792 | E225: 42552.958 | F225: Pessoa Jurídica | G225: José | H225: 2 | I225: 11 | J225: 35 | K225: =+Treinamentos[[#This Row],[Alunos]]*Treinamentos[[#This Row],[Valor]] -> 385
A226: 4579 | B226: Roberto | C226: Access 2016 | D226: 42542.792 | E226: 42555.958 | F226: Pessoa Física | G226: Joaquim | H226: 5 | I226: 12 | J226: 53 | K226: =+Treinamentos[[#This Row],[Alunos]]*Treinamentos[[#This Row],[Valor]] -> 636
A227: 4580 | B227: Adriana | C227: Excel Avançado 2016 | D227: 42543.583 | E227: 42556.75 | F227: Pessoa Física | G227: Fernando | H227: 2 | I227: 11 | J227: 43 | K227: =+Treinamentos[[#This Row],[Alunos]]*Treinamentos[[#This Row],[Valor]] -> 473
A228: 4581 | B228: Roberto | C228: Outlook 2016 | D228: 42544.375 | E228: 42550.75 | F228: Pessoa Jurídica | G228: Paulo | H228: 5 | I228: 12 | J228: 42 | K228: =+Treinamentos[[#This Row],[Alunos]]*Treinamentos[[#This Row],[Valor]] -> 504
A229: 4582 | B229: Mirian | C229: Outlook 2016 | D229: 42545.333 | E229: 42558.5 | F229: Pessoa Física | G229: Fernando | H229: 2 | I229: 12 | J229: 42 | K229: =+Treinamentos[[#This Row],[Alunos]]*Treinamentos[[#This Row],[Valor]] -> 504
A230: 4583 | B230: Priscila | C230: PowerPoint 2016 | D230: 42546.375 | E230: 42551.75 | F230: Pessoa Física | G230: Fernando | H230: 5 | I230: 8 | J230: 48 | K230: =+Treinamentos[[#This Row],[Alunos]]*Treinamentos[[#This Row],[Valor]] -> 384
A231: 4584 | B231: Mirian | C231: Word VBA 2016 | D231: 42548.792 | E231: 42559.958 | F231: Pessoa Jurídica | G231: Humberto | H231: 4 | I231: 8 | J231: 48 | K231: =+Treinamentos[[#This Row],[Alunos]]*Treinamentos[[#This Row],[Valor]] -> 384
A232: 4585 | B232: Katia | C232: Access 2016 | D232: 42548.792 | E232: 42559.958 | F232: Pessoa Física | G232: Paulo | H232: 4 | I232: 9 | J232: 53 | K232: =+Treinamentos[[#This Row],[Alunos]]*Treinamentos[[#This Row],[Valor]] -> 477
A233: 4586 | B233: Vanessa | C233: DashBoard 2016 | D233: 42549.792 | E233: 42562.958 | F233: Pessoa Jurídica | G233: Sérgio | H233: 2 | I233: 8 | J233: 32 | K233: =+Treinamentos[[#This Row],[Alunos]]*Treinamentos[[#This Row],[Valor]] -> 256
A234: 4587 | B234: Vanessa | C234: DashBoard 2016 | D234: 42550.583 | E234: 42563.75 | F234: Pessoa Jurídica | G234: Sandra | H234: 3 | I234: 11 | J234: 32 | K234: =+Treinamentos[[#This Row],[Alunos]]*Treinamentos[[#This Row],[Valor]] -> 352
A235: 4588 | B235: Priscila | C235: Excel Básico 2016 | D235: 42551.375 | E235: 42557.75 | F235: Pessoa Física | G235: Paulo | H235: 2 | I235: 12 | J235: 35 | K235: =+Treinamentos[[#This Row],[Alunos]]*Treinamentos[[#This Row],[Valor]] -> 420
A236: 4589 | B236: Priscila | C236: Access VBA 2016 | D236: 42552.333 | E236: 42565.5 | F236: Pessoa Física | G236: Manuel | H236: 3 | I236: 9 | J236: 63 | K236: =+Treinamentos[[#This Row],[Alunos]]*Treinamentos[[#This Row],[Valor]] -> 567
... A269: 4622 | B269: Katia | C269: DashBoard 2016 | D269: 42585.583 | E269: 42598.75 | F269: Pessoa Jurídica | G269: Fernando | H269: 3 | I269: 10 | J269: 32 | K269: =+Treinamentos[[#This Row],[Alunos]]*Treinamentos[[#This Row],[Valor]] -> 320
A270: 4623 | B270: Priscila | C270: PowerPoint 2016 | D270: 42586.375 | E270: 42592.75 | F270: Pessoa Física | G270: Caio | I270: 12 | J270: 48 | K270: =+Treinamentos[[#This Row],[Alunos]]*Treinamentos[[#This Row],[Valor]] -> 576
A271: 4624 | B271: Mirian | C271: Outlook VBA 2016 | D271: 42587.333 | E271: 42600.5 | F271: Pessoa Física | G271: Douglas | H271: 5 | I271: 9 | J271: 48 | K271: =+Treinamentos[[#This Row],[Alunos]]*Treinamentos[[#This Row],[Valor]] -> 432
A272: 4625 | B272: Katia | C272: PowerPoint 2016 | D272: 42588.375 | E272: 42593.75 | F272: Pessoa Física | G272: Caio | H272: 5 | I272: 12 | J272: 48 | K272: =+Treinamentos[[#This Row],[Alunos]]*Treinamentos[[#This Row],[Valor]] -> 576
A273: 4626 | B273: Rodrigo | C273: Outlook 2016 | D273: 42590.792 | E273: 42601.958 | F273: Pessoa Jurídica | G273: Humberto | H273: 5 | I273: 9 | J273: 42 | K273: =+Treinamentos[[#This Row],[Alunos]]*Treinamentos[[#This Row],[Valor]] -> 378
A274: 4627 | B274: Renato | C274: Outlook 2016 | D274: 42590.792 | E274: 42601.958 | F274: Pessoa Física | G274: Jane | H274: 4 | I274: 12 | J274: 42 | K274: =+Treinamentos[[#This Row],[Alunos]]*Treinamentos[[#This Row],[Valor]] -> 504
A275: 4628 | B275: Priscila | C275: Access VBA 2016 | D275: 42591.792 | E275: 42604.958 | F275: Pessoa Física | G275: José | H275: 2 | I275: 9 | J275: 63 | K275: =+Treinamentos[[#This Row],[Alunos]]*Treinamentos[[#This Row],[Valor]] -> 567
A276: 4629 | B276: Murilo | C276: Word VBA 2016 | D276: 42592.583 | E276: 42605.75 | F276: Pessoa Jurídica | G276: Caio | H276: 4 | I276: 9 | J276: 48 | K276: =+Treinamentos[[#This Row],[Alunos]]*Treinamentos[[#This Row],[Valor]] -> 432
A277: 4630 | B277: Roberto | C277: Excel Avançado 2016 | D277: 42593.375 | E277: 42599.75 | F277: Pessoa Jurídica | G277: Ana | H277: 3 | I277: 9 | J277: 43 | K277: =+Treinamentos[[#This Row],[Alunos]]*Treinamentos[[#This Row],[Valor]] -> 387
A278: 4631 | B278: Katia | C278: DashBoard 2016 | D278: 42594.333 | E278: 42607.5 | F278: Pessoa Jurídica | G278: Roberto | H278: 2 | I278: 8 | J278: 32 | K278: =+Treinamentos[[#This Row],[Alunos]]*Treinamentos[[#This Row],[Valor]] -> 256
A279: 4632 | B279: Priscila | C279: Excel Intermediário 2016 | D279: 42595.375 | E279: 42600.75 | F279: Pessoa Jurídica | G279: Manuel | H279: 4 | I279: 11 | J279: 52 | K279: =+Treinamentos[[#This Row],[Alunos]]*Treinamentos[[#This Row],[Valor]] -> 572
A280: 4633 | B280: Adriana | C280: DashBoard 2016 | D280: 42597.792 | E280: 42608.958 | F280: Pessoa Física | G280: Henrique | H280: 5 | I280: 12 | J280: 32 | K280: =+Treinamentos[[#This Row],[Alunos]]*Treinamentos[[#This Row],[Valor]] -> 384
A281: 4634 | B281: Vanessa | C281: Excel Básico 2016 | D281: 42597.792 | E281: 42608.958 | F281: Pessoa Física | G281: Sandra | H281: 5 | I281: 12 | J281: 35 | K281: =+Treinamentos[[#This Row],[Alunos]]*Treinamentos[[#This Row],[Valor]] -> 420
A282: 4635 | B282: Adriana | C282: DashBoard 2016 | D282: 42598.792 | E282: 42611.958 | F282: Pessoa Jurídica | G282: Henrique | H282: 3 | I282: 12 | J282: 32 | K282: =+Treinamentos[[#This Row],[Alunos]]*Treinamentos[[#This Row],[Valor]] -> 384
... A328: 4681 | B328: Katia | C328: Excel VBA iniciante 2016 | D328: 42644.375 | E328: 42649.75 | F328: Pessoa Física | G328: Douglas | H328: 5 | I328: 11 | J328: 62 | K328: =+Treinamentos[[#This Row],[Alunos]]*Treinamentos[[#This Row],[Valor]] -> 682
A329: 4682 | B329: Roberto | C329: PowerPoint VBA 2016 | D329: 42646.792 | E329: 42657.958 | F329: Pessoa Jurídica | G329: Caio | I329: 10 | J329: 62 | K329: =+Treinamentos[[#This Row],[Alunos]]*Treinamentos[[#This Row],[Valor]] -> 620
A330: 4683 | B330: Rodrigo | C330: Word VBA 2016 | D330: 42646.792 | E330: 42657.958 | F330: Pessoa Jurídica | G330: Humberto | H330: 2 | I330: 8 | J330: 48 | K330: =+Treinamentos[[#This Row],[Alunos]]*Treinamentos[[#This Row],[Valor]] -> 384
A331: 4684 | B331: Murilo | C331: PowerPoint VBA 2016 | D331: 42647.792 | E331: 42660.958 | F331: Pessoa Jurídica | G331: Paulo | H331: 5 | I331: 10 | J331: 62 | K331: =+Treinamentos[[#This Row],[Alunos]]*Treinamentos[[#This Row],[Valor]] -> 620
A332: 4685 | B332: Murilo | C332: Access VBA 2016 | D332: 42648.583 | E332: 42661.75 | F332: Pessoa Física | G332: Caio | H332: 2 | I332: 8 | J332: 63 | K332: =+Treinamentos[[#This Row],[Alunos]]*Treinamentos[[#This Row],[Valor]] -> 504
A333: 4686 | B333: Adriana | C333: Excel VBA iniciante 2016 | D333: 42649.375 | E333: 42655.75 | F333: Pessoa Física | G333: Manuel | H333: 5 | I333: 12 | J333: 62 | K333: =+Treinamentos[[#This Row],[Alunos]]*Treinamentos[[#This Row],[Valor]] -> 744
A334: 4687 | B334: Rodrigo | C334: Word VBA 2016 | D334: 42650.333 | E334: 42663.5 | F334: Pessoa Física | G334: Henrique | H334: 2 | I334: 10 | J334: 48 | K334: =+Treinamentos[[#This Row],[Alunos]]*Treinamentos[[#This Row],[Valor]] -> 480
A335: 4688 | B335: Adriana | C335: Access 2016 | D335: 42651.375 | E335: 42656.75 | F335: Pessoa Física | G335: Jane | H335: 3 | I335: 11 | J335: 53 | K335: =+Treinamentos[[#This Row],[Alunos]]*Treinamentos[[#This Row],[Valor]] -> 583
A336: 4689 | B336: Rodrigo | C336: Access 2016 | D336: 42653.792 | E336: 42664.958 | F336: Pessoa Física | G336: Jane | H336: 3 | I336: 8 | J336: 53 | K336: =+Treinamentos[[#This Row],[Alunos]]*Treinamentos[[#This Row],[Valor]] -> 424
A337: 4690 | B337: Murilo | C337: Word VBA 2016 | D337: 42653.792 | E337: 42664.958 | F337: Pessoa Física | G337: Joaquim | H337: 3 | I337: 8 | J337: 48 | K337: =+Treinamentos[[#This Row],[Alunos]]*Treinamentos[[#This Row],[Valor]] -> 384
A338: 4691 | B338: Vanessa | C338: Outlook VBA 2016 | D338: 42654.792 | E338: 42667.958 | F338: Pessoa Jurídica | G338: Sandra | H338: 2 | I338: 8 | J338: 48 | K338: =+Treinamentos[[#This Row],[Alunos]]*Treinamentos[[#This Row],[Valor]] -> 384
A339: 4692 | B339: Priscila | C339: Excel Básico 2016 | D339: 42655.583 | E339: 42668.75 | F339: Pessoa Física | G339: José | H339: 2 | I339: 10 | J339: 35 | K339: =+Treinamentos[[#This Row],[Alunos]]*Treinamentos[[#This Row],[Valor]] -> 350
A340: 4693 | B340: Murilo | C340: PowerPoint VBA 2016 | D340: 42656.375 | E340: 42662.75 | F340: Pessoa Física | G340: Ana | H340: 2 | I340: 11 | J340: 62 | K340: =+Treinamentos[[#This Row],[Alunos]]*Treinamentos[[#This Row],[Valor]] -> 682
A341: 4694 | B341: Renato | C341: Access 2016 | D341: 42657.333 | E341: 42670.5 | F341: Pessoa Física | G341: Joaquim | H341: 2 | I341: 11 | J341: 53 | K341: =+Treinamentos[[#This Row],[Alunos]]*Treinamentos[[#This Row],[Valor]] -> 583
... A378: 4731 | B378: Adriana | C378: Excel VBA iniciante 2016 | D378: 42695.792 | E378: 42706.958 | F378: Pessoa Jurídica | G378: Sandra | H378: 2 | I378: 9 | J378: 62 | K378: =+Treinamentos[[#This Row],[Alunos]]*Treinamentos[[#This Row],[Valor]] -> 558
A379: 4732 | B379: Katia | C379: Word VBA 2016 | D379: 42695.792 | E379: 42706.958 | F379: Pessoa Jurídica | G379: Fernando | I379: 12 | J379: 48 | K379: =+Treinamentos[[#This Row],[Alunos]]*Treinamentos[[#This Row],[Valor]] -> 576
A380: 4733 | B380: Adriana | C380: Excel VBA avançado 2016 | D380: 42696.792 | E380: 42709.958 | F380: Pessoa Física | G380: Paulo | H380: 4 | I380: 8 | J380: 75 | K380: =+Treinamentos[[#This Row],[Alunos]]*Treinamentos[[#This Row],[Valor]] -> 600
A381: 4734 | B381: Renato | C381: Outlook VBA 2016 | D381: 42697.583 | E381: 42710.75 | F381: Pessoa Jurídica | G381: Henrique | H381: 4 | I381: 9 | J381: 48 | K381: =+Treinamentos[[#This Row],[Alunos]]*Treinamentos[[#This Row],[Valor]] -> 432
A382: 4735 | B382: Vanessa | C382: Word VBA 2016 | D382: 42698.375 | E382: 42704.75 | F382: Pessoa Jurídica | G382: Paulo | H382: 5 | I382: 10 | J382: 48 | K382: =+Treinamentos[[#This Row],[Alunos]]*Treinamentos[[#This Row],[Valor]] -> 480
A383: 4736 | B383: Renato | C383: PowerPoint 2016 | D383: 42699.333 | E383: 42712.5 | F383: Pessoa Física | G383: Fernando | H383: 5 | I383: 8 | J383: 48 | K383: =+Treinamentos[[#This Row],[Alunos]]*Treinamentos[[#This Row],[Valor]] -> 384
A384: 4737 | B384: Roberto | C384: DashBoard 2016 | D384: 42700.375 | E384: 42705.75 | F384: Pessoa Jurídica | G384: Ana | H384: 4 | I384: 8 | J384: 32 | K384: =+Treinamentos[[#This Row],[Alunos]]*Treinamentos[[#This Row],[Valor]] -> 256
A385: 4738 | B385: Roberto | C385: DashBoard 2016 | D385: 42702.792 | E385: 42713.958 | F385: Pessoa Física | G385: Jane | H385: 4 | I385: 9 | J385: 32 | K385: =+Treinamentos[[#This Row],[Alunos]]*Treinamentos[[#This Row],[Valor]] -> 288
A386: 4739 | B386: Mirian | C386: Outlook VBA 2016 | D386: 42702.792 | E386: 42713.958 | F386: Pessoa Jurídica | G386: Caio | H386: 4 | I386: 12 | J386: 48 | K386: =+Treinamentos[[#This Row],[Alunos]]*Treinamentos[[#This Row],[Valor]] -> 576
A387: 4740 | B387: Murilo | C387: PowerPoint VBA 2016 | D387: 42703.792 | E387: 42716.958 | F387: Pessoa Jurídica | G387: Sandra | H387: 3 | I387: 8 | J387: 62 | K387: =+Treinamentos[[#This Row],[Alunos]]*Treinamentos[[#This Row],[Valor]] -> 496
A388: 4741 | B388: Rodrigo | C388: Word VBA 2016 | D388: 42704.583 | E388: 42717.75 | F388: Pessoa Jurídica | G388: Sandra | H388: 5 | I388: 12 | J388: 48 | K388: =+Treinamentos[[#This Row],[Alunos]]*Treinamentos[[#This Row],[Valor]] -> 576
A389: 4742 | B389: Priscila | C389: DashBoard 2016 | D389: 42705.375 | E389: 42711.75 | F389: Pessoa Jurídica | G389: Sérgio | H389: 5 | I389: 10 | J389: 32 | K389: =+Treinamentos[[#This Row],[Alunos]]*Treinamentos[[#This Row],[Valor]] -> 320
A390: 4743 | B390: Priscila | C390: PowerPoint 2016 | D390: 42706.333 | E390: 42719.5 | F390: Pessoa Física | G390: Fernando | H390: 3 | I390: 9 | J390: 48 | K390: =+Treinamentos[[#This Row],[Alunos]]*Treinamentos[[#This Row],[Valor]] -> 432
A391: 4744 | B391: Vanessa | C391: PowerPoint VBA 2016 | D391: 42707.375 | E391: 42712.75 | F391: Pessoa Física | G391: Caio | H391: 2 | I391: 8 | J391: 62 | K391: =+Treinamentos[[#This Row],[Alunos]]*Treinamentos[[#This Row],[Valor]] -> 496
... A417: 4770 | B417: Katia | C417: Excel Básico 2016 | D417: 42733.375 | E417: 42739.75 | F417: Pessoa Jurídica | G417: Jane | H417: 2 | I417: 11 | J417: 35 | K417: =+Treinamentos[[#This Row],[Alunos]]*Treinamentos[[#This Row],[Valor]] -> 385
A418: 4771 | B418: Murilo | C418: Word VBA 2016 | D418: 42734.333 | E418: 42747.5 | F418: Pessoa Física | G418: Sérgio | I418: 10 | J418: 48 | K418: =+Treinamentos[[#This Row],[Alunos]]*Treinamentos[[#This Row],[Valor]] -> 480
A419: 4772 | B419: Adriana | C419: Outlook 2016 | D419: 42735.375 | E419: 42740.75 | F419: Pessoa Física | G419: Sandra | H419: 2 | I419: 9 | J419: 42 | K419: =+Treinamentos[[#This Row],[Alunos]]*Treinamentos[[#This Row],[Valor]] -> 378
A420: 4773 | B420: Renato | C420: Excel Avançado 2016 | D420: 42737.792 | E420: 42748.958 | F420: Pessoa Jurídica | G420: Sandra | H420: 2 | I420: 8 | J420: 43 | K420: =+Treinamentos[[#This Row],[Alunos]]*Treinamentos[[#This Row],[Valor]] -> 344
A421: 4774 | B421: Rodrigo | C421: Excel VBA avançado 2016 | D421: 42737.792 | E421: 42748.958 | F421: Pessoa Jurídica | G421: Humberto | H421: 4 | I421: 12 | J421: 75 | K421: =+Treinamentos[[#This Row],[Alunos]]*Treinamentos[[#This Row],[Valor]] -> 900
A422: 4775 | B422: Rodrigo | C422: Outlook 2016 | D422: 42738.792 | E422: 42751.958 | F422: Pessoa Física | G422: Sérgio | H422: 2 | I422: 9 | J422: 42 | K422: =+Treinamentos[[#This Row],[Alunos]]*Treinamentos[[#This Row],[Valor]] -> 378
A423: 4776 | B423: Priscila | C423: Excel Básico 2016 | D423: 42739.583 | E423: 42752.75 | F423: Pessoa Física | G423: Caio | H423: 2 | I423: 10 | J423: 35 | K423: =+Treinamentos[[#This Row],[Alunos]]*Treinamentos[[#This Row],[Valor]] -> 350
A424: 4777 | B424: Roberto | C424: Excel Intermediário 2016 | D424: 42740.375 | E424: 42746.75 | F424: Pessoa Jurídica | G424: Humberto | H424: 4 | I424: 9 | J424: 52 | K424: =+Treinamentos[[#This Row],[Alunos]]*Treinamentos[[#This Row],[Valor]] -> 468
A425: 4778 | B425: Roberto | C425: Outlook 2016 | D425: 42741.333 | E425: 42754.5 | F425: Pessoa Física | G425: Humberto | H425: 2 | I425: 10 | J425: 42 | K425: =+Treinamentos[[#This Row],[Alunos]]*Treinamentos[[#This Row],[Valor]] -> 420
A426: 4779 | B426: Adriana | C426: Outlook 2016 | D426: 42742.375 | E426: 42747.75 | F426: Pessoa Física | G426: Ana | H426: 4 | I426: 9 | J426: 42 | K426: =+Treinamentos[[#This Row],[Alunos]]*Treinamentos[[#This Row],[Valor]] -> 378
A427: 4780 | B427: Katia | C427: Outlook VBA 2016 | D427: 42744.792 | E427: 42755.958 | F427: Pessoa Jurídica | G427: Joaquim | H427: 4 | I427: 12 | J427: 48 | K427: =+Treinamentos[[#This Row],[Alunos]]*Treinamentos[[#This Row],[Valor]] -> 576
A428: 4781 | B428: Renato | C428: DashBoard 2016 | D428: 42744.792 | E428: 42755.958 | F428: Pessoa Física | G428: Humberto | H428: 4 | I428: 9 | J428: 32 | K428: =+Treinamentos[[#This Row],[Alunos]]*Treinamentos[[#This Row],[Valor]] -> 288
A429: 4782 | B429: Rodrigo | C429: Access 2016 | D429: 42745.792 | E429: 42758.958 | F429: Pessoa Jurídica | G429: Sandra | H429: 5 | I429: 9 | J429: 53 | K429: =+Treinamentos[[#This Row],[Alunos]]*Treinamentos[[#This Row],[Valor]] -> 477
A430: 4783 | B430: Priscila | C430: DashBoard 2016 | D430: 42746.583 | E430: 42759.75 | F430: Pessoa Jurídica | G430: Caio | H430: 3 | I430: 11 | J430: 32 | K430: =+Treinamentos[[#This Row],[Alunos]]*Treinamentos[[#This Row],[Valor]] -> 352
... A836: 5189 | B836: Roberto | C836: Excel Avançado 2016 | D836: 43174.333 | E836: 43187.5 | F836: Pessoa Física | G836: Fernando | H836: 2 | I836: 9 | J836: 42 | K836: =+Treinamentos[[#This Row],[Alunos]]*Treinamentos[[#This Row],[Valor]] -> 378
A837: 5190 | B837: Katia | C837: Excel VBA iniciante 2016 | D837: 43174.333 | E837: 43187.5 | F837: Pessoa Física | G837: Paulo | I837: 11 | J837: 61 | K837: =+Treinamentos[[#This Row],[Alunos]]*Treinamentos[[#This Row],[Valor]] -> 671
A838: 5191 | B838: Rodrigo | C838: Access 2016 | D838: 43174.333 | E838: 43187.5 | F838: Pessoa Física | G838: Fernando | H838: 2 | I838: 9 | J838: 52 | K838: =+Treinamentos[[#This Row],[Alunos]]*Treinamentos[[#This Row],[Valor]] -> 468
...

Sheet Listas
A1: Meses | C1: Anos | E1: Gerentes
A2: Jan | C2: 2016 | E2: Barbara
A3: Fev | C3: 2017 | E3: Silvane
A4: Mar | C4: 2018 | E4: Wellington
A5: Abr | C5: 2019
A6: Mai
A7: Jun
A8: Jul
A9: Ago
A10: Set
A11: Out
A12: Nov
A13: Dez

Sheet Dashboard
D3: Total R$ | F3: Contagem | H3: Mês Anterior | J3: Ano Anterior
D4: =GETPIVOTDATA("Total",'Tab Dinamicas'!$A$6) -> 3853 | F4: =GETPIVOTDATA("Total",'Tab Dinamicas'!$D$6) -> 9 | H4: =IFERROR('Tab Dinamicas'!N7,"") -> -0.35643895 | J4: =IFERROR('Tab Dinamicas'!O7,"") -> 3853
